{"cameraMode":{"drawMode":0,"name":"Shaded","section":"Shading Mode"},"sceneLighting":false,"audioPlay":false,"sceneViewState":{"m_AlwaysRefresh":false,"showFog":true,"showSkybox":false,"showFlares":true,"showImageEffects":true,"showParticleSystems":true,"showVisualEffectGraphs":true,"m_FxEnabled":true},"in2DMode":false,"pivot":{"x":0.0065448470413684849,"y":0.0012431833893060685,"z":0.015702107921242715},"rotation":{"x":-0.05674125626683235,"y":-0.6260189414024353,"z":0.04569068178534508,"w":-0.7766457796096802},"size":0.030285844579339029,"orthographic":false}